T	passed	raw_angle	angle	odomc_left_front	odomc_right_front	odomc_left_back	odomc_right_back	votol_front	votol_back	x	y	yaw	left_pole_detection	right_pole_detection	front_pole_detection	kerbs_coordinates	left_fc	right_fc	front_fc
0.1	0.0	14	0.02321000024676323	-5	-6	-8	-7	0	0	-0.21545042418318788	0.0	0.0	[]	[]	[]		0	0	0
0.2	0.0	14	0.02321000024676323	-5	-6	-8	-7	0	0	-0.21545042418318788	0.0	0.0	[]	[]	[]		0	0	0
0.3	0.0	14	0.02321000024676323	-5	-6	-8	-7	0	0	-0.21545042418318788	0.0	0.0	[]	[]	[]		0	0	0
0.4	0.0	14	0.02321000024676323	-5	-6	-8	-7	0	0	-0.21545042418318788	0.0	0.0	[]	[]	[]		0	0	0
0.5	0.0	14	0.02321000024676323	-5	-6	-8	-7	0	0	-0.21545042418318788	0.0	0.0	[]	[]	[]		0	0	0
0.7	0.0	14	0.02321000024676323	-5	-6	-8	-7	0	0	-0.21545042418318788	0.0	0.0	[]	[]	[]		0	0	0
0.8	0.0	14	0.02321000024676323	-5	-6	-8	-7	0	0	-0.21545042418318788	0.0	0.0	[]	[]	[]		0	0	0
0.9	0.0	14	0.02321000024676323	-5	-6	-8	-7	0	0	-0.21545042418318788	0.0	0.0	[]	[]	[]		0	0	0
1.0	0.0	14	0.02321000024676323	-5	-6	-8	-7	0	0	-0.21545042418318788	0.0	0.0	[]	[]	[]		0	0	0
1.1	0.0	14	0.02321000024676323	-5	-6	-8	-7	0	0	-0.21545042418318788	0.0	0.0	[]	[]	[]		0	0	0
1.2	0.0	14	0.02321000024676323	-5	-6	-8	-7	0	0	-0.21545042418318788	0.0	0.0	[]	[]	[]		0	4	4
1.3	0.0	14	0.02321000024676323	-5	-6	-8	-7	0	0	-0.21545042418318788	0.0	0.0	[]	[]	[]		0	7	7
1.4	0.0	14	0.02321000024676323	-5	-6	-8	-7	0	0	-0.21545042418318788	0.0	0.0	[]	[]	[]		0	10	10
1.5	0.0	14	0.02321000024676323	-5	-6	-8	-7	0	0	-0.21545042418318788	0.0	0.0	[]	[]	[]		0	13	13
1.6	0.0	14	0.02321000024676323	-5	-6	-8	-7	0	0	-0.21545042418318788	0.0	0.0	[]	[]	[]		0	16	16
1.8	0.0	14	0.02321000024676323	-5	-6	-8	-7	0	0	-0.21545042418318788	0.0	0.0	[]	[]	[]		0	20	19
1.9	0.0	14	0.02321000024676323	-5	-6	-8	-7	0	0	-0.21545042418318788	0.0	0.0	[]	[]	[]		0	22	21
2.0	0.0	14	0.02321000024676323	-5	-6	-8	-7	0	0	-0.21545042418318788	0.0	0.0	[]	[]	[]		0	25	25
2.1	0.0	14	0.02321000024676323	-5	-6	-8	-7	0	0	-0.21545042418318788	0.0	0.0	[]	[]	[]		0	28	28
2.2	0.0	14	0.02321000024676323	-5	-6	-8	-7	0	0	-0.21545042418318788	0.0	0.0	[]	[]	[]		0	32	31
2.3	0.0	14	0.02321000024676323	-5	-6	-8	-7	0	0	-0.21545042418318788	0.0	0.0	[]	[]	[]		0	34	34
2.4	0.0	14	0.02321000024676323	-5	-6	-8	-7	0	0	-0.21545042418318788	0.0	0.0	[]	[]	[]		0	38	37
2.5	0.0	14	0.02321000024676323	-5	-6	-8	-7	0	0	-0.21545042418318788	0.0	0.0	[]	[]	[]		0	40	40
2.6	0.0	14	0.02321000024676323	-5	-6	-8	-7	0	0	-0.21545042418318788	0.0	0.0	[]	[]	[]		0	43	42
2.7	0.0	14	0.02321000024676323	-5	-6	-8	-7	0	0	-0.21545042418318788	0.0	0.0	[]	[]	[]		0	45	45
2.8	0.0	14	0.02321000024676323	-5	-6	-8	-7	0	0	-0.21545042418318788	0.0	0.0	[]	[]	[]		0	48	48
2.9	0.0	14	0.02321000024676323	-5	-6	-8	-7	0	0	-0.21545042418318788	0.0	0.0	[]	[]	[]		0	51	50
3.0	0.0	14	0.02321000024676323	-5	-6	-8	-7	0	0	-0.21545042418318788	0.0	0.0	[]	[]	[]		0	53	53
3.1	0.0	14	0.02321000024676323	-5	-6	-8	-7	0	0	-0.21545042418318788	0.0	0.0	[]	[]	[]		0	56	56
3.2	0.0	14	0.02321000024676323	-5	-6	-8	-7	0	0	-0.21545042418318788	0.0	0.0	[]	[]	[]		0	59	59
3.4	0.0	14	0.02321000024676323	-5	-6	-8	-7	0	0	-0.21545042418318788	0.0	0.0	[]	[]	[]		0	64	64
3.4	0.0	14	0.02321000024676323	-5	-6	-8	-7	0	0	-0.21545042418318788	0.0	0.0	[]	[]	[]		0	64	64
3.6	0.0	14	0.02321000024676323	-5	-6	-8	-7	0	0	-0.21545042418318788	0.0	0.0	[]	[]	[]		0	70	70
3.8	0.0	14	0.02321000024676323	-5	-6	-8	-7	0	0	-0.21545042418318788	0.0	0.0	[]	[]	[]		0	73	73
3.9	0.0	14	0.02321000024676323	-5	-6	-8	-7	0	0	-0.21545042418318788	0.0	0.0	[]	[]	[]		0	76	76
4.0	0.0	14	0.02321000024676323	-5	-6	-8	-7	0	0	-0.21545042418318788	0.0	0.0	[]	[]	[]		0	80	79
4.1	0.0	14	0.02321000024676323	-5	-6	-8	-7	0	0	-0.21545042418318788	0.0	0.0	[]	[]	[]		0	82	82
4.2	0.0	14	0.02321000024676323	-5	-6	-8	-7	0	0	-0.21545042418318788	0.0	0.0	[]	[]	[]		0	86	85
4.3	0.0	14	0.02321000024676323	-5	-6	-8	-7	0	0	-0.21545042418318788	0.0	0.0	[]	[]	[]		0	88	88
4.4	0.0	14	0.02321000024676323	-5	-6	-8	-7	0	0	-0.21545042418318788	0.0	0.0	[]	[]	[]		0	92	91
4.5	0.0	14	0.02321000024676323	-5	-6	-8	-7	0	0	-0.21545042418318788	0.0	0.0	[]	[]	[]		0	94	94
4.7	0.0	14	0.02321000024676323	-5	-6	-8	-7	0	0	-0.21545042418318788	0.0	0.0	[]	[]	[]		0	98	97
4.8	0.0	14	0.02321000024676323	-5	-6	-8	-7	0	0	-0.21545042418318788	0.0	0.0	[]	[]	[]		0	100	100
4.9	0.0	14	0.02321000024676323	-5	-6	-8	-7	0	0	-0.21545042418318788	0.0	0.0	[]	[]	[]		0	103	103
5.0	0.0	14	0.02321000024676323	-5	-6	-8	-7	0	0	-0.21545042418318788	0.0	0.0	[]	[]	[]		0	106	106
5.1	0.0	14	0.02321000024676323	-5	-6	-8	-7	0	0	-0.21545042418318788	0.0	0.0	[]	[]	[]		0	109	109
5.2	0.0	14	0.02321000024676323	-5	-6	-8	-7	0	0	-0.21545042418318788	0.0	0.0	[]	[]	[]		0	112	111
5.3	0.0	14	0.02321000024676323	-5	-6	-8	-7	0	0	-0.21545042418318788	0.0	0.0	[]	[]	[]		0	115	115
5.4	0.0	13	0.021549999713897705	-5	-6	-7	-7	0	0	-0.21545042418318788	0.0	0.0	[]	[]	[]		0	118	118
5.5	0.0	13	0.021549999713897705	-4	-6	-7	-6	0	0	-0.19749622216792223	0.0	0.0	[]	[]	[]		0	121	121
5.6	0.0	13	0.021549999713897705	-4	-6	-7	-6	0	0	-0.1885191211602894	0.0	0.0	[]	[]	[]		0	124	124
5.8	0.0	12	0.019899999722838402	-4	-5	-7	-6	0	0	-0.17954202015265658	0.0	0.0	[]	[]	[]		0	127	127
5.9	0.0	12	0.019899999722838402	-4	-5	-6	-6	0	0	-0.17954202015265658	0.0	0.0	[]	[]	[]		0	130	130
6.0	0.0	11	0.018239999189972878	-3	-4	-6	-5	0	0	-0.15261071712975807	0.0	0.0	[]	[]	[]		0	134	133
6.1	0.0	11	0.018239999189972878	-3	-4	-6	-5	0	0	-0.14363361612212525	0.0	0.0	[]	[]	[]		0	136	136
6.2	0.0	10	0.016580000519752502	-2	-3	-5	-4	0	0	-0.13465651511449242	0.0	0.0	[]	[]	[]		0	139	139
6.3	0.0	9	0.014919999986886978	-2	-3	-4	-4	0	0	-0.1256794141068596	0.0	0.0	[]	[]	[]		0	142	142
6.4	0.0	9	0.014919999986886978	-1	-2	-4	-3	0	0	-0.09874811108396109	0.0	0.0	[]	[]	[]		0	146	145
6.5	0.0	8	0.013260000385344028	0	-2	-3	-3	0	0	-0.08977101007632826	0.0	0.0	[]	[]	[]		0	148	148
6.7	0.0	7	0.011610000394284725	0	-1	-2	-2	0	0	-0.06283970705342976	0.0	0.0	[]	[]	[]		0	151	151
6.8	0.0	7	0.011610000394284725	1	0	-2	-1	0	0	-0.03590840403053125	0.0	0.0	[]	[]	[]		0	154	154
6.9	0.0	6	0.009949999861419201	2	1	-1	0	0	0	-0.00897710100763275	0.0	0.0	[]	[]	[]		0	157	157
7.0	0.0	5	0.008290000259876251	3	1	0	1	0	0	0.017954202015265753	0.0	0.0	[]	[]	[]		0	160	160
7.1	0.0	5	0.008290000259876251	4	2	1	1	0	0	0.044885505038164256	0.0	0.0	[]	[]	[]		0	163	163
7.2	0.0	4	0.006630000192672014	4	3	2	2	0	0	0.07181680806106276	0.0	0.0	[]	[]	[]		0	166	165
7.3	0.0	3	0.004970000125467777	6	5	3	4	0	0	0.11670231309922693	0.0	0.0	[]	[]	[]		0	169	169
7.4	0.0	3	0.004970000125467777	7	5	4	4	0	0	0.15261071712975827	0.0	0.0	[]	[]	[]		0	172	172
7.5	0.0	2	0.0033199999015778303	8	7	6	6	0	0	0.1885191211602896	0.0	0.0	[]	[]	[]		0	175	175
7.6	0.0	1	0.0016599999507889152	9	8	7	7	0	0	0.22442752519082093	0.0	0.0	[]	[]	[]		0	178	178
7.8	0.1	1	0.0016599999507889152	10	9	8	8	0	0	0.27829013123661794	0.0	0.0	[]	[]	[]		0	182	181
7.9	0.1	0	0.0	11	10	9	9	0	0	0.2962443332518836	0.0	0.0	[]	[]	[]		0	184	184
8.0	0.2	0	0.0	13	12	11	11	0	0	0.3501069392976806	0.0	0.0	[]	[]	[]		0	187	187
8.1	0.2	0	0.0	14	13	12	12	0	0	0.3949924443358448	0.0	0.0	[]	[]	[]		0	190	190
8.2	0.2	0	0.0	16	15	14	14	0	0	0.4309008483663761	0.0	0.0	[]	[ [ 17.6640625,297.5625,34.921875,421.875,0.451416015625,0.0 ] ]	[]		0	193	193
8.3	0.2	-1	-0.0016599999507889152	17	16	15	15	0	0	0.4757863534045403	0.0	0.0	[]	[ [ 20.9375,293.3125,41.375,422.375,0.59375,0.0 ] ]	[]		0	196	195
8.4	0.2	-1	-0.0016599999507889152	19	18	16	16	0	0	0.5116947574350716	0.0	0.0	[]	[ [ 41.125,273.9375,75.625,460.125,0.68505859375,0.0 ] ]	[]		0	199	199
8.5	0.3	-1	-0.0016599999507889152	20	19	18	18	0	0	0.5655573634808686	0.0	0.0	[]	[ [ 53.734375,282.875,99.28125,456.25,0.857421875,0.0 ]  [ 42.9375,204.5625,83.875,386.875,0.779296875,0.0 ] ]	[]		0	202	202
8.7	0.4	-2	-0.0033199999015778303	22	21	20	20	0	0	0.6194199695266656	0.0	0.0	[]	[ [ 75.203125,273.3125,123.09375,460.375,0.7177734375,0.0 ]  [ 61.1875,211.6875,108.125,399.625,0.544921875,0.0 ] ]	[]		0	206	205
8.8	0.5	-2	-0.0033199999015778303	24	22	21	21	0	0	0.6732825755724625	0.0	0.0	[]	[ [ 90.140625,290.625,120.21875,476.75,0.72265625,0.0 ]  [ 75.15625,212.0,128.1875,403.0,0.56982421875,0.0 ] ]	[]		0	208	208
8.9	0.6	-2	-0.0033199999015778303	25	24	23	23	0	0	0.7271451816182595	0.0	0.0	[]	[ [ 114.34375,274.0625,114.3125,450.875,0.6611328125,0.0 ]  [ 100.75,209.25,123.5,400.0,0.4560546875,0.0 ] ]	[]		0	211	210
9.0	0.7	-2	-0.0033199999015778303	27	26	24	25	0	0	0.7989619896793221	0.0	0.0	[]	[ [ 142.5,283.25,106.5,448.5,0.59716796875,0.0 ] ]	[]		0	213	213
9.1	0.7	-3	-0.004970000125467777	29	28	26	26	0	0	0.8348703937098534	0.0	0.0	[]	[ [ 169.75,277.5,114.0,472.0,0.529296875,0.0 ] ]	[]		0	216	216
9.2	0.8	-3	-0.004970000125467777	30	29	28	28	0	0	0.906687201770916	0.0	0.0	[]	[]	[]		0	219	218
9.3	0.9	-3	-0.004970000125467777	32	31	29	29	0	0	0.960549807816713	0.0	0.0	[]	[ [ 213.5,272.5,118.0,456.5,0.6494140625,0.0 ] ]	[]		0	222	221
9.4	1.0	-3	-0.004970000125467777	34	33	31	31	0	0	1.0323666158777756	0.0	0.0	[]	[ [ 240.75,271.0,115.5,462.5,0.7216796875,0.0 ] ]	[]		0	225	224
9.5	1.1	-3	-0.004970000125467777	36	35	33	33	0	0	1.0862292219235725	0.0	0.0	[]	[]	[]		0	227	227
9.7	1.3	-3	-0.004970000125467777	39	38	37	37	0	0	1.2298628380456977	0.0	0.0	[]	[]	[]		0	232	232
9.8	1.4	-3	-0.004970000125467777	42	41	40	40	0	0	1.3016796461067603	0.0	0.0	[]	[ [ 273.5,344.25,109.5,379.5,0.4716796875,0.0 ] ]	[]		0	236	235
9.9	1.5	-3	-0.004970000125467777	44	43	41	41	0	0	1.373496454167823	0.0	0.0	[]	[]	[]		0	238	238
10.0	1.6	-3	-0.004970000125467777	46	45	44	44	0	0	1.4363361612212528	0.0	0.0	[]	[]	[]		0	241	241
10.1	1.7	-3	-0.004970000125467777	48	47	45	46	0	0	1.4991758682746827	0.0	0.0	[]	[]	[]		0	244	244
10.2	1.8	-3	-0.004970000125467777	51	50	48	49	0	0	1.588946878351011	0.0	0.0	[]	[ [ 401.25,271.6875,127.5,458.625,0.494140625,0.0 ] ]	[]		0	247	247
10.3	1.9	-3	-0.004970000125467777	53	52	50	51	0	0	1.6607636864120736	0.0	0.0	[]	[ [ 435.0,264.5,121.0,450.0,0.56787109375,0.0 ] ]	[]		0	250	250
10.5	2.0	-3	-0.004970000125467777	56	55	54	54	0	0	1.7415575954807692	0.0	0.0	[]	[]	[]		0	253	253
10.6	2.1	-3	-0.004970000125467777	58	57	55	56	0	0	1.8313286055570974	0.0	0.0	[]	[ [ 499.125,264.6875,115.75,450.625,0.630859375,0.0 ] ]	[]		0	256	255
10.7	2.2	-3	-0.004970000125467777	61	60	58	59	0	0	1.8851912116028944	0.0	0.0	[]	[]	[]		0	259	259
10.8	2.3	-3	-0.004970000125467777	63	63	61	61	0	0	1.9839393226868556	0.0	0.0	[]	[]	[]		0	262	262
10.9	2.4	-2	-0.0033199999015778303	66	65	64	64	0	0	2.0826874337708166	0.0	0.0	[]	[ [ 629.0,264.9375,107.0,460.125,0.533203125,0.0 ] ]	[]		0	266	265
11.0	2.5	-2	-0.0033199999015778303	68	68	66	66	0	0	2.154504241831879	0.0	0.0	[]	[ [ 659.0,275.25,112.0,470.5,0.5341796875,0.0 ] ]	[]		0	268	267
11.1	2.6	-2	-0.0033199999015778303	72	71	70	70	0	0	2.2532523529158404	0.0	0.0	[]	[]	[]		0	271	271
11.2	2.7	-2	-0.0033199999015778303	74	73	72	72	0	0	2.343023362992169	0.0	0.0	[]	[]	[]		0	274	274
11.4	2.8	-2	-0.0033199999015778303	77	77	75	75	0	0	2.44177147407613	0.0	0.0	[]	[]	[]		0	278	277
11.5	2.9	-1	-0.0016599999507889152	80	80	78	78	0	0	2.5315424841524585	0.0	0.0	[]	[]	[]		0	280	280
11.6	3.0	-1	-0.0016599999507889152	84	83	81	82	0	0	2.621313494228787	0.0	0.0	[]	[]	[]		0	283	283
11.7	3.1	-1	-0.0016599999507889152	86	85	83	84	0	0	2.720061605312748	0.0	0.0	[]	[]	[]		0	286	285
11.8	3.2	-1	-0.0016599999507889152	90	89	87	88	0	0	2.8008555143814435	0.0	0.0	[]	[]	[]		0	289	289
11.9	3.3	-1	-0.0016599999507889152	92	91	89	90	0	0	2.872672322442506	0.0	0.0	[]	[]	[]		0	292	291
12.0	3.4	-1	-0.0016599999507889152	95	95	93	93	0	0	2.9803975345341	0.0	0.0	[]	[]	[]		0	295	295
12.1	3.5	0	0.0	99	98	96	97	0	0	3.0701685446104285	0.0	0.0	[]	[]	[]		0	298	298
12.3	3.7	0	0.0	103	102	100	101	0	0	3.2227792617401865	0.0	0.0	[]	[]	[]		0	301	301
12.4	3.8	0	0.0	105	105	103	103	0	0	3.312550271816515	0.0	0.0	[]	[]	[]		0	304	304
12.5	3.9	0	0.0	110	109	107	108	0	0	3.420275483908109	0.0	0.0	[]	[]	[]		0	307	307
12.6	4.0	0	0.0	112	112	110	111	0	0	3.5459548980149687	0.0	0.0	[]	[]	[]		0	310	310
12.7	4.1	0	0.0	116	115	114	114	0	0	3.635725908091297	0.0	0.0	[]	[]	[]		0	313	313
12.8	4.2	0	0.0	120	119	117	118	0	0	3.7524282211905238	0.0	0.0	[]	[]	[]		0	316	315
12.9	4.3	0	0.0	124	123	121	122	0	0	3.8781076352973836	0.0	0.0	[]	[]	[]		0	319	319
13.0	4.4	0	0.0	126	126	124	125	0	0	3.9858328473889775	0.0	0.0	[]	[]	[]		0	322	321
13.2	4.5	0	0.0	131	131	129	130	0	0	4.12048936250347	0.0	0.0	[]	[]	[]		0	325	325
13.3	4.6	0	0.0	134	133	132	132	0	0	4.228214574595064	0.0	0.0	[]	[ [ 1673.0,266.5,118.0,451.5,0.4853515625,0.0 ] ]	[]		0	328	327
13.4	4.7	0	0.0	138	137	136	136	0	0	4.3718481907171896	0.0	0.0	[]	[ [ 1743.0,270.4375,118.0,439.125,0.45703125,0.0 ] ]	[]		0	331	331
13.5	4.8	0	0.0	142	142	140	140	0	0	4.488550503816416	0.0	0.0	[]	[ [ 1798.0,265.75,122.0,443.5,0.5283203125,0.0 ] ]	[]		0	334	334
13.6	4.9	0	0.0	147	146	144	145	0	0	4.5962757159080105	0.0	0.0	[]	[ [ 1854.0,266.5,128.0,443.5,0.595703125,0.0 ] ]	[]		0	338	337
13.7	5.0	0	0.0	150	149	147	148	0	0	4.7309322310225035	0.0	0.0	[]	[]	[]		0	340	340
13.8	5.1	0	0.0	155	154	153	153	0	0	4.856611645129363	0.0	0.0	[]	[ [ 1864.0,297.4375,86.0,499.125,0.57763671875,0.0 ] ]	[]		0	344	343
13.9	5.2	0	0.0	158	157	156	156	0	0	4.964336857220958	0.0	0.0	[]	[]	[]		0	346	346
14.0	5.3	0	0.0	164	163	161	162	0	0	5.107970473343083	0.0	0.0	[]	[]	[]		0	349	349
14.1	5.4	0	0.0	167	166	164	165	0	0	5.233649887449943	0.0	0.0	[]	[]	[]		0	352	351
14.3	5.6	0	0.0	171	171	169	169	0	0	5.386260604579701	0.0	0.0	[]	[]	[]		0	355	355
14.4	5.7	0	0.0	175	174	172	173	0	0	5.502962917678928	0.0	0.0	[]	[]	[]		0	358	357
14.5	5.8	0	0.0	180	180	178	178	0	0	5.646596533801053	0.0	0.0	[]	[]	[]		0	361	361
14.6	5.9	0	0.0	184	183	181	182	0	0	5.790230149923178	0.0	0.0	[]	[]	[]		0	364	363
14.7	6.0	0	0.0	188	187	185	186	0	0	5.915909564030038	0.0	0.0	[]	[]	[]		0	367	366
14.8	6.2	0	0.0	192	191	189	190	0	0	6.095451584182695	0.0	0.0	[]	[]	[]		0	369	369
14.9	6.3	0	0.0	197	196	194	195	0	0	6.221130998289555	0.0	0.0	[]	[]	[]		0	372	372
15.0	6.4	0	0.0	200	199	197	198	0	0	6.36476461441168	0.0	0.0	[]	[]	[]		0	375	374
15.1	6.5	0	0.0	204	204	202	202	0	0	6.499421129526173	0.0	0.0	[]	[]	[]		0	378	377
15.2	6.7	0	0.0	209	208	206	207	0	0	6.652031846655931	0.0	0.0	[]	[]	[]		0	381	380
15.3	6.8	0	0.0	213	213	211	212	0	0	6.795665462778056	0.0	0.0	[]	[]	[]		0	383	382
15.5	7.1	0	0.0	222	221	219	220	0	0	7.118841099052839	0.0	0.0	[]	[]	[]		0	388	388
15.5	7.1	0	0.0	222	221	219	220	0	0	7.118841099052839	0.0	0.0	[]	[]	[]		0	388	388
15.7	7.3	0	0.0	230	229	227	228	0	0	7.397131230289457	0.0	0.0	[]	[]	[]		0	394	394
15.8	7.5	0	0.0	236	236	234	235	0	0	7.612581654472645	0.0	0.0	[]	[]	[]		0	397	397
15.9	7.6	0	0.0	240	240	238	239	0	0	7.75621527059477	0.0	0.0	[]	[]	[]		0	400	400
16.1	7.8	0	0.0	247	247	245	245	0	0	7.926780189739794	0.0	0.0	[]	[]	[]		0	403	403
16.2	8.0	0	0.0	251	250	249	249	0	0	8.079390906869552	0.0	0.0	[]	[]	[]		0	406	406
16.3	8.2	0	0.0	257	256	254	255	0	0	8.285864230045107	0.0	0.0	[]	[]	[]		0	409	409
16.4	8.3	0	0.0	262	261	260	260	0	0	8.429497846167232	0.0	0.0	[]	[]	[]		0	412	412
16.5	8.5	0	0.0	268	267	265	266	0	0	8.600062765312256	0.0	0.0	[]	[]	[]		0	415	415
16.6	8.7	0	0.0	272	271	269	270	0	0	8.761650583449647	0.0	0.0	[]	[]	[]		0	418	418
16.7	8.9	0	0.0	279	278	276	277	0	0	8.923238401587039	0.0	0.0	[]	[]	[]		0	421	421
16.8	9.1	0	0.0	283	283	281	281	0	0	9.075849118716796	0.0	0.0	[]	[]	[]		0	424	423
16.9	9.3	0	0.0	289	289	287	287	0	0	9.255391138869452	0.0	0.0	[]	[]	[]		0	427	427
17.0	9.4	0	0.0	295	294	292	293	0	0	9.399024754991578	0.0	0.0	[]	[]	[]		0	430	430
17.2	9.6	0	0.0	301	300	298	299	0	0	9.578566775144234	0.0	0.0	[]	[]	[]		0	433	433
17.3	9.8	0	0.0	305	302	302	303	0	0	9.75810879529689	0.0	0.0	[]	[]	[]		0	436	435
17.4	10.0	0	0.0	312	309	309	308	0	0	9.928673714441913	0.0	0.0	[]	[]	[]		0	439	439
17.5	10.2	0	0.0	316	313	314	313	0	0	10.090261532579305	0.0	0.0	[]	[]	[]		0	442	442
17.6	10.4	0	0.0	323	320	321	320	0	0	10.260826451724329	0.0	0.0	[]	[]	[]		0	445	445
17.7	10.6	-1	-0.0016599999507889152	328	325	325	324	0	0	10.458322673892251	0.0	0.0	[]	[]	[]		0	448	448
17.8	10.8	-1	-0.0016599999507889152	334	330	331	330	0	0	10.637864694044907	0.0	0.0	[]	[]	[]		0	451	451
17.9	10.9	-1	-0.0016599999507889152	338	334	335	334	0	0	10.781498310167033	0.0	0.0	[]	[]	[]		0	454	454
18.1	11.1	-1	-0.0016599999507889152	345	339	342	341	0	0	10.961040330319689	0.0	0.0	[]	[]	[]		0	457	457
18.2	11.3	-1	-0.0016599999507889152	349	342	347	345	0	0	11.12262814845708	0.0	0.0	[]	[]	[]		0	460	459
18.3	11.5	-1	-0.0016599999507889152	356	349	354	353	0	0	11.31114726961737	0.0	0.0	[]	[]	[]		0	464	463
18.4	11.7	0	0.0	361	353	358	357	0	0	11.49966639077766	0.0	0.0	[]	[]	[]		0	466	466
18.5	11.8	-1	-0.0016599999507889152	366	359	364	363	0	0	11.643300006899786	0.0	0.0	[]	[]	[]		0	469	469
18.6	11.9	-1	-0.0016599999507889152	371	363	368	367	0	0	11.78693362302191	0.0	0.0	[]	[]	[]		0	472	472
18.7	12.1	-1	-0.0016599999507889152	378	370	375	372	0	0	11.993406946197466	0.0	0.0	[]	[]	[]		0	475	475
18.8	12.3	-1	-0.0016599999507889152	382	374	380	376	0	0	12.154994764334857	0.0	0.0	[]	[]	[]		0	478	477
19.0	12.5	-1	-0.0016599999507889152	389	382	387	384	0	0	12.32555968347988	0.0	0.0	[]	[]	[]		0	481	481
19.1	12.7	-1	-0.0016599999507889152	394	386	391	386	0	0	12.496124602624905	0.0	0.0	[]	[]	[]		0	484	484
19.2	12.8	-1	-0.0016599999507889152	400	392	397	392	0	0	12.63975821874703	0.0	0.0	[]	[]	[]		0	488	487
19.3	13.0	-1	-0.0016599999507889152	404	396	401	396	0	0	12.819300238899686	0.0	0.0	[]	[]	[]		0	490	490
19.4	13.2	-1	-0.0016599999507889152	411	403	409	404	0	0	13.016796461067608	0.0	0.0	[]	[]	[]		0	494	493
19.5	13.4	-1	-0.0016599999507889152	415	407	413	408	0	0	13.169407178197366	0.0	0.0	[]	[]	[]		0	496	496
19.6	13.6	-1	-0.0016599999507889152	423	415	420	415	0	0	13.357926299357656	0.0	0.0	[]	[]	[]		0	499	499
19.7	13.8	-1	-0.0016599999507889152	426	418	424	419	0	0	13.537468319510312	0.0	0.0	[]	[]	[]		0	502	502
19.9	14.0	-2	-0.0033199999015778303	432	424	430	425	0	0	13.717010339662968	0.0	0.0	[]	[]	[]		0	506	505
20.0	14.1	-2	-0.0033199999015778303	436	428	434	429	0	0	13.860643955785093	0.0	0.0	[]	[]	[]		0	508	508
20.1	14.3	-2	-0.0033199999015778303	444	435	441	436	0	0	14.04018597593775	0.0	0.0	[]	[]	[]		0	511	511
20.2	14.5	-2	-0.0033199999015778303	448	439	445	440	0	0	14.219727996090405	0.0	0.0	[]	[]	[]		0	514	514
20.3	14.7	-1	-0.0016599999507889152	455	446	453	448	0	0	14.372338713220163	0.0	0.0	[]	[]	[]		0	517	517
20.4	14.8	-1	-0.0016599999507889152	459	451	457	452	0	0	14.515972329342288	0.0	0.0	[]	[]	[]		0	520	520
20.5	15.0	-1	-0.0016599999507889152	465	454	463	458	0	0	14.67756014747968	0.0	0.0	[]	[]	[]		0	523	523
20.6	15.1	-2	-0.0033199999015778303	471	460	467	462	0	0	14.821193763601805	0.0	0.0	[]	[]	[]		0	526	526
20.8	15.3	-2	-0.0033199999015778303	476	465	474	469	0	0	15.054598389800258	0.0	0.0	[]	[]	[]		0	530	529
20.9	15.4	-2	-0.0033199999015778303	481	470	478	473	0	0	15.189254904914751	0.0	0.0	[]	[]	[]		0	532	532
21.0	15.6	-2	-0.0033199999015778303	488	477	485	480	0	0	15.386751127082674	0.0	0.0	[]	[]	[]		0	535	535
21.1	15.8	-2	-0.0033199999015778303	492	481	490	485	0	0	15.557316046227697	0.0	0.0	[]	[]	[]		0	538	537
21.2	16.0	-2	-0.0033199999015778303	498	487	496	491	0	0	15.718903864365089	0.0	0.0	[]	[]	[]		0	542	541
21.3	16.2	-2	-0.0033199999015778303	504	492	501	496	0	0	15.898445884517745	0.0	0.0	[]	[]	[]		0	544	543
21.4	16.4	-2	-0.0033199999015778303	509	498	507	502	0	0	16.086965005678035	0.0	0.0	[]	[]	[]		0	548	547
21.5	16.6	-3	-0.004970000125467777	514	502	512	507	0	0	16.248552823815427	0.0	0.0	[]	[]	[]		0	550	550
21.7	16.8	-3	-0.004970000125467777	521	510	519	514	0	0	16.428094843968083	0.0	0.0	[]	[ [ 102.015625,267.1875,127.96875,464.625,0.6123046875,0.0 ] ]	[]		0	553	553
21.8	17.0	-3	-0.004970000125467777	525	514	523	518	0	0	16.60763686412074	0.0	0.0	[]	[ [ 143.59375,261.5,111.3125,464.5,0.72705078125,0.0 ] ]	[]		0	556	556
21.9	17.2	-3	-0.004970000125467777	530	519	528	524	0	0	16.79615598528103	0.0	0.0	[]	[ [ 201.0625,262.75,111.875,470.5,0.544921875,0.0 ] ]	[]		0	559	559
22.0	17.3	-2	-0.0033199999015778303	536	525	534	529	0	0	16.939789601403156	0.0	0.0	[]	[ [ 264.75,261.9375,117.5,465.125,0.59619140625,0.0 ] ]	[]		0	562	562
22.1	17.5	-3	-0.004970000125467777	542	530	540	535	0	0	17.119331621555812	0.0	0.0	[]	[ [ 295.25,269.875,145.5,484.25,0.5146484375,0.0 ] ]	[]		0	566	565
22.2	17.7	-3	-0.004970000125467777	546	534	544	539	0	0	17.298873641708468	0.0	0.0	[]	[ [ 360.25,271.125,144.5,487.75,0.60205078125,0.0 ] ]	[]		0	568	568
22.3	17.8	-3	-0.004970000125467777	553	540	551	546	0	0	17.43353015682296	0.0	0.0	[]	[]	[]		0	571	571
22.4	18.0	-3	-0.004970000125467777	558	544	555	551	0	0	17.63102637899088	0.0	0.0	[]	[ [ 488.625,272.5,140.75,486.0,0.68408203125,0.0 ] ]	[]		0	574	574
22.6	18.2	-3	-0.004970000125467777	563	550	561	556	0	0	17.810568399143538	0.0	0.0	[]	[ [ 554.375,275.0625,136.25,486.875,0.69091796875,0.0 ] ]	[]		0	578	577
22.7	18.3	-2	-0.0033199999015778303	569	555	567	562	0	0	17.954202015265665	0.0	0.0	[]	[ [ 618.5,275.0,130.0,493.0,0.689453125,0.0 ] ]	[]		0	580	580
22.8	18.5	-2	-0.0033199999015778303	575	561	573	568	0	0	18.13374403541832	0.0	0.0	[]	[ [ 681.0,273.5625,112.0,495.875,0.693359375,0.0 ] ]	[]		0	583	583
22.9	18.7	-2	-0.0033199999015778303	579	565	577	572	0	0	18.313286055570977	0.0	0.0	[]	[ [ 723.5,275.4375,113.0,497.125,0.66796875,0.0 ] ]	[]		0	586	586
23.0	18.9	-2	-0.0033199999015778303	586	572	584	579	0	0	18.51975937874653	0.0	0.0	[]	[ [ 812.5,274.6875,88.0,500.625,0.69580078125,0.0 ] ]	[]		0	589	589
23.1	19.1	-1	-0.0016599999507889152	590	575	588	584	0	0	18.699301398899188	0.0	0.0	[]	[ [ 853.5,275.8125,91.0,494.375,0.7177734375,0.0 ] ]	[]		0	592	591
23.2	19.2	-2	-0.0033199999015778303	598	582	596	589	0	0	18.824980813006047	0.0	0.0	[]	[ [ 943.0,272.25,84.0,500.5,0.65673828125,0.0 ] ]	[]		0	595	595
23.3	19.4	-1	-0.0016599999507889152	602	586	600	593	0	0	19.013499934166337	0.0	0.0	[]	[ [ 983.0,275.25,84.0,500.5,0.58984375,0.0 ] ]	[]		0	598	598
23.5	19.6	-2	-0.0033199999015778303	608	592	606	599	0	0	19.193041954318993	0.0	0.0	[]	[ [ 1071.0,273.125,96.0,497.75,0.609375,0.0 ] ]	[]		0	602	601
23.6	19.8	-2	-0.0033199999015778303	612	596	610	603	0	0	19.363606873464015	0.0	0.0	[]	[ [ 1111.0,270.625,94.0,504.75,0.58203125,0.0 ] ]	[]		0	604	603
23.7	20.0	-2	-0.0033199999015778303	619	603	616	610	0	0	19.54314889361667	0.0	0.0	[]	[ [ 1176.0,268.6875,108.0,500.625,0.56591796875,0.0 ] ]	[]		0	607	606
23.8	20.2	-2	-0.0033199999015778303	623	606	620	614	0	0	19.722690913769327	0.0	0.0	[]	[ [ 1242.0,266.875,118.0,500.25,0.57958984375,0.0 ] ]	[]		0	609	609
23.9	20.3	-2	-0.0033199999015778303	628	612	625	619	0	0	19.85734742888382	0.0	0.0	[]	[ [ 1304.0,267.4375,130.0,499.125,0.5498046875,0.0 ] ]	[]		0	612	612
24.0	20.5	-2	-0.0033199999015778303	633	616	630	624	0	0	20.090752055082273	0.0	0.0	[]	[]	[]		0	615	614
24.1	20.6	-2	-0.0033199999015778303	637	621	636	630	0	0	20.2343856712044	0.0	0.0	[]	[ [ 1419.0,251.9375,142.0,483.125,0.455078125,0.0 ] ]	[]		0	617	617
24.2	20.8	-2	-0.0033199999015778303	643	626	640	634	0	0	20.413927691357056	0.0	0.0	[]	[ [ 1485.0,266.9375,142.0,485.125,0.4609375,0.0 ] ]	[]		0	620	620
24.3	21.0	-2	-0.0033199999015778303	648	631	645	639	0	0	20.566538408486814	0.0	0.0	[]	[ [ 1523.0,268.4375,146.0,492.125,0.5322265625,0.0 ] ]	[]		0	623	622
24.5	21.3	-2	-0.0033199999015778303	657	640	654	648	0	0	20.943576650807394	0.0	0.0	[]	[ [ 1627.0,268.0,150.0,484.0,0.4755859375,0.0 ] ]	[]		0	628	628
24.6	21.5	-2	-0.0033199999015778303	664	647	662	653	0	0	21.12311867096005	0.0	0.0	[]	[ [ 1719.0,264.9375,136.0,479.125,0.505859375,0.0 ] ]	[]		0	631	631
24.7	21.7	-2	-0.0033199999015778303	668	651	666	657	0	0	21.28470648909744	0.0	0.0	[]	[ [ 1711.0,270.6875,106.0,492.625,0.529296875,0.0 ]  [ 1786.0,265.4375,132.0,477.125,0.501953125,0.0 ] ]	[]		0	634	634
24.8	21.8	-2	-0.0033199999015778303	674	657	672	663	0	0	21.42834010521957	0.0	0.0	[]	[ [ 1772.0,266.375,108.0,493.25,0.56884765625,0.0 ]  [ 1849.0,265.0,130.0,464.5,0.51171875,0.0 ] ]	[]		0	637	637
24.9	22.0	-2	-0.0033199999015778303	680	663	677	669	0	0	21.607882125372225	0.0	0.0	[]	[ [ 1834.0,264.0625,108.0,499.875,0.6611328125,0.0 ] ]	[]		0	640	640
25.0	22.2	-2	-0.0033199999015778303	685	669	683	675	0	0	21.81435544854778	0.0	0.0	[]	[ [ 1883.0,300.3125,66.0,449.375,0.65673828125,0.0 ] ]	[]		0	644	643
25.1	22.4	-2	-0.0033199999015778303	690	673	687	679	0	0	21.966966165677537	0.0	0.0	[]	[]	[]		0	646	646
25.3	22.6	-1	-0.0016599999507889152	697	680	695	686	0	0	22.146508185830193	0.0	0.0	[]	[]	[]		0	650	649
25.4	22.8	-2	-0.0033199999015778303	701	684	699	690	0	0	22.32605020598285	0.0	0.0	[]	[]	[]		0	652	652
25.5	23.0	-1	-0.0016599999507889152	707	690	705	696	0	0	22.52354642815077	0.0	0.0	[]	[]	[]		0	655	655
25.6	23.2	-1	-0.0016599999507889152	713	696	710	702	0	0	22.676157145280527	0.0	0.0	[]	[]	[]		0	658	658
25.7	23.4	-2	-0.0033199999015778303	718	701	716	708	0	0	22.855699165433183	0.0	0.0	[]	[]	[]		0	661	661
25.8	23.6	-2	-0.0033199999015778303	722	705	720	712	0	0	23.017286983570575	0.0	0.0	[]	[]	[]		0	664	664
25.9	23.8	-1	-0.0016599999507889152	730	713	728	719	0	0	23.169897700700332	0.0	0.0	[]	[]	[]		0	668	667
26.0	23.9	-1	-0.0016599999507889152	734	717	732	723	0	0	23.31353131682246	0.0	0.0	[]	[]	[]		0	670	670
26.2	24.1	-1	-0.0016599999507889152	740	723	738	729	0	0	23.493073336975115	0.0	0.0	[]	[]	[]		0	673	673
26.3	24.2	3	0.004970000125467777	745	728	743	735	0	0	23.636706953097242	0.0	0.0	[]	[]	[]		0	676	676
26.4	24.4	29	0.04808000102639198	750	733	748	741	0	0	23.8162489732499	0.0	0.0	[]	[]	[]		0	680	679
26.5	24.6	64	0.10611999779939651	754	736	751	745	0	0	23.968418680350506	0.0	0.003897612154745358	[]	[]	[]		0	682	682
26.6	24.8	126	0.20892000198364258	755	741	757	751	0	0	24.1190456568264	-0.0005948158645896072	0.01620961774161276	[]	[]	[]		0	686	685
26.7	24.9	161	0.26695001125335693	759	743	760	755	0	0	24.22476288009411	-0.0023409238222377483	0.03215230179771865	[]	[]	[]		0	688	688
26.8	25.0	227	0.3747200071811676	766	747	766	761	0	0	24.329268117502785	-0.00580394042435471	0.09412418960847889	[]	[]	[]		0	692	691
26.9	25.1	258	0.42778000235557556	765	749	769	764	0	0	24.42785152663956	-0.015928523401335704	0.1309073147933658	[]	[]	[]		0	694	694
27.1	25.2	257	0.42612001299858093	771	753	775	767	0	0	24.544352742808016	-0.03350574286248103	0.1828564165675508	[]	[]	[]		0	697	697
27.2	25.3	254	0.42114999890327454	774	755	779	769	0	0	24.641936591670213	-0.053094399329143116	0.22540785133368121	[]	[]	[]		0	700	700
27.3	25.4	196	0.3266400098800659	780	760	786	772	0	0	24.7554523501669	-0.08118423929230324	0.2728879682147391	[]	[]	[]		0	704	703
27.4	25.5	161	0.26695001125335693	783	764	790	774	0	0	24.872604698599233	-0.11505655928686005	0.31399912155928467	[]	[]	[]		0	706	706
27.5	25.6	99	0.16414999961853027	788	769	797	777	0	0	24.985178373007045	-0.1511017836466103	0.3780182768325225	[]	[]	[]		0	710	709
27.6	25.7	65	0.10777000337839127	791	773	801	779	0	0	25.100974066452924	-0.19417420377663927	0.39418866970863314	[]	[ [ 1894.0,293.8125,54.0,366.375,0.77880859375,0.0 ]  [ 1901.0,214.875,38.0,408.75,0.5927734375,0.0 ] ]	[]		0	712	712
27.7	25.8	17	0.028189999982714653	794	778	806	783	0	0	25.226653480559783	-0.2424425410049219	0.401046887440328	[]	[ [ 1869.0,230.4375,96.0,436.125,0.9658203125,0.0 ] ]	[]		0	715	715
27.8	25.9	-18	-0.029850000515580177	797	782	810	785	0	0	25.34335579365901	-0.2880010668671322	0.401046887440328	[]	[]	[]		0	718	718
28.0	26.1	4	0.006630000192672014	803	787	815	791	0	0	25.48698940978114	-0.3440730986975449	0.401046887440328	[]	[]	[]		0	721	721
28.1	26.2	24	0.03979000076651573	807	790	818	795	0	0	25.62164592489563	-0.39664062853855675	0.401046887440328	[]	[]	[]		0	724	724
28.2	26.4	-18	-0.028189999982714653	811	796	824	799	0	0	25.77425664202539	-0.4562171623583702	0.401046887440328	[]	[]	[]		0	728	727
28.3	26.5	-8	-0.014919999986886978	815	799	827	803	0	0	25.90891315713988	-0.508784692199382	0.401046887440328	[]	[]	[]		0	730	730
28.4	26.6	20	0.033160001039505005	820	803	832	808	0	0	26.03459257124674	-0.5578477200509931	0.401046887440328	[]	[]	[]		0	734	733
28.5	26.8	0	0.0	823	807	835	811	0	0	26.178226187368868	-0.6139197518814058	0.401046887440328	[]	[]	[]		0	735	735
28.6	27.0	-14	-0.02321000024676323	828	813	841	816	0	0	26.33981400550626	-0.67700078769062	0.401046887440328	[]	[]	[]		0	738	738
28.7	27.2	7	0.011610000394284725	832	815	843	820	0	0	26.483447621628386	-0.7330728195210326	0.401046887440328	[]	[]	[]		0	741	741
28.8	27.3	-5	-0.008290000259876251	836	820	848	824	0	0	26.59117283371998	-0.7751268433938421	0.401046887440328	[]	[]	[]		0	744	744
28.9	27.5	-48	-0.07959000021219254	839	825	853	827	0	0	26.752760651857372	-0.8382078792030563	0.401046887440328	[]	[]	[]		0	747	746
29.0	27.7	-85	-0.14093999564647675	842	829	857	830	0	0	26.895275545806275	-0.8942799110334689	0.3962169909486261	[]	[]	[]		0	749	749
29.1	27.8	-127	-0.21056999266147614	845	834	861	834	0	0	27.019646177558535	-0.9427835176974201	0.362206664689863	[]	[]	[]		0	752	752
29.2	27.9	-174	-0.2868399918079376	848	839	865	838	0	0	27.13929923272743	-0.9904975155265715	0.3326158833601912	[]	[]	[]		0	755	754
29.4	28.1	-252	-0.4178299903869629	852	846	872	845	0	0	27.349987436747874	-1.0631655148215706	0.25971570304424146	[]	[]	[]		0	760	760
29.5	28.2	-257	-0.42612001299858093	856	853	876	851	0	0	27.47634262835037	-1.1023568325415256	0.20082795863274916	[]	[]	[]		0	764	763
29.6	28.3	-257	-0.42612001299858093	858	856	878	855	0	0	27.573926477212567	-1.1238459343889522	0.15827651981922722	[]	[]	[]		0	766	766
29.8	28.4	-239	-0.3962799906730652	862	863	882	862	0	0	27.68480095744639	-1.143655085194908	0.10863320233446003	[]	[]	[]		0	770	769
29.9	28.5	-203	-0.3365899920463562	865	866	883	866	0	0	27.797904769622072	-1.1572812042726193	0.06163033900125211	[]	[]	[]		0	772	772
30.0	28.6	-148	-0.24538999795913696	869	869	886	871	0	0	27.900548949510352	-1.1639161434063758	0.02663660761122205	[]	[]	[]		0	775	775
30.1	28.7	-111	-0.18403999507427216	872	872	888	875	0	0	28.02141094691335	-1.16726342072352	-0.00601413267525912	[]	[]	[]		0	778	778
30.2	28.8	-42	-0.06964000314474106	878	875	891	881	0	0	28.13622906603385	-1.1665615617704486	-0.02854733611367361	[]	[]	[]		0	781	780
30.3	28.9	3	0.004970000125467777	881	878	893	884	0	0	28.27042280816043	-1.162717999090375	-0.04386085470377814	[]	[]	[]		0	783	783
30.4	29.0	60	0.09948000311851501	886	880	896	889	0	0	28.387125121259658	-1.1576009770047306	-0.04761753843686442	[]	[]	[]		0	786	786
30.5	29.1	116	0.19234000146389008	891	882	899	893	0	0	28.512060444068698	-1.1516186942663253	-0.041823756247595316	[]	[]	[]		0	789	788
30.6	29.2	157	0.2603200078010559	895	884	902	896	0	0	28.647957502413192	-1.1456131479903937	-0.022566000216645822	[]	[]	[]		0	792	791
30.7	29.3	183	0.3034299910068512	900	887	906	900	0	0	28.767775402760627	-1.1427773069398028	0.004203392945487168	[]	[]	[]		0	794	794
30.8	29.4	145	0.24041999876499176	903	891	911	902	0	0	28.85966866516879	-1.1431923828250345	0.030315458650282654	[]	[]	[]		0	797	796
31.0	29.6	68	0.11275000125169754	909	898	919	907	0	0	29.110939962863956	-1.1553068431025095	0.08704524316914664	[]	[]	[]		0	802	802
31.1	29.7	6	0.009949999861419201	914	904	925	911	0	0	29.200371244867622	-1.1631111185156349	0.10743633920259985	[]	[]	[]		0	806	805
31.2	29.8	-28	-0.04642999917268753	916	908	929	913	0	0	29.31707355796685	-1.1756250811338598	0.10743633920259985	[]	[]	[]		0	808	808
31.3	29.9	-78	-0.12767000496387482	919	913	934	917	0	0	29.441946194437758	-1.189101656261179	0.10140498302777791	[]	[]	[]		0	812	811
31.4	30.0	-120	-0.1989700049161911	922	918	938	920	0	0	29.539641583258508	-1.1990980545795142	0.08922309195802428	[]	[]	[]		0	814	814
31.6	30.1	-91	-0.15087999403476715	926	922	942	926	0	0	29.670671797970023	-1.2110965906723081	0.06679176806029875	[]	[]	[]		0	818	817
31.7	30.2	-54	-0.08953999727964401	930	925	944	929	0	0	29.794861624650764	-1.2194847011688177	0.047464812713549055	[]	[]	[]		0	820	820
31.8	30.4	6	0.009949999861419201	936	930	948	936	0	0	29.9469922093277	-1.2267256210975794	0.03368485625934462	[]	[]	[]		0	824	823
31.9	30.5	24	0.03979000076651573	940	932	951	939	0	0	30.081648724442193	-1.2312606487452835	0.02995067053876357	[]	[]	[]		0	826	826
32.0	30.6	-9	-0.014919999986886978	943	937	955	942	0	0	30.19835103754142	-1.2347554387196276	0.02995067053876357	[]	[]	[]		0	829	829
32.1	30.7	-23	-0.03813999891281128	946	940	958	945	0	0	30.333007552655914	-1.2387878886900243	0.02995067053876357	[]	[]	[]		0	831	831
32.2	30.8	20	0.033160001039505005	951	944	962	951	0	0	30.44073276474751	-1.242013848666342	0.02995067053876357	[]	[]	[]		0	834	834
32.3	31.0	14	0.02321000024676323	954	948	966	954	0	0	30.620274784900165	-1.247390448626871	0.02995067053876357	[]	[]	[]		0	837	836
32.4	31.1	-22	-0.036479998379945755	958	952	970	957	0	0	30.72799999699176	-1.2506164086031886	0.02995067053876357	[]	[]	[]		0	840	839
32.5	31.2	-8	-0.013260000385344028	962	956	974	962	0	0	30.871633613113886	-1.2549176885716118	0.02995067053876357	[]	[]	[]		0	843	842
32.6	31.3	20	0.033160001039505005	965	959	977	965	0	0	31.00629012822838	-1.2589501385420085	0.02995067053876357	[]	[]	[]		0	845	844
32.8	31.5	-21	-0.03482000157237053	974	968	987	974	0	0	31.275603158457365	-1.2670150384828023	0.02995067053876357	[]	[]	[]		0	850	850
32.9	31.7	17	0.028189999982714653	979	972	991	979	0	0	31.446168077602387	-1.272122808445305	0.02995067053876357	[]	[]	[]		0	854	853
33.0	31.8	16	0.02652999944984913	983	976	994	982	0	0	31.562870390701615	-1.275617598419649	0.02995067053876357	[]	[]	[]		0	856	856
33.2	32.0	-22	-0.036479998379945755	988	983	1001	988	0	0	31.760366612869536	-1.281531858376231	0.02995067053876357	[]	[]	[]		0	860	859
33.3	32.1	3	0.004970000125467777	992	986	1004	992	0	0	31.886046026976395	-1.2852954783486015	0.02995067053876357	[]	[]	[]		0	862	862
33.4	32.2	7	0.011610000394284725	998	992	1010	998	0	0	32.02967964309852	-1.2895967583170247	0.02995067053876357	[]	[]	[]		0	866	865
33.5	32.4	-19	-0.03150000050663948	1001	996	1014	1001	0	0	32.19126746123591	-1.2944356982815008	0.02995067053876357	[]	[]	[]		0	868	868
33.6	32.5	0	0.0	1007	1001	1019	1007	0	0	32.307969774335135	-1.297930488255845	0.02995067053876357	[]	[]	[]		0	872	871
33.7	32.7	20	0.033160001039505005	1011	1004	1022	1011	0	0	32.469557592472526	-1.302769428220321	0.02995067053876357	[]	[]	[]		0	874	874
33.8	32.9	-15	-0.024870000779628754	1017	1011	1029	1016	0	0	32.649099612625186	-1.3081460281808501	0.02995067053876357	[]	[]	[]		0	878	877
33.9	33.0	-10	-0.016580000519752502	1020	1015	1033	1020	0	0	32.78375612773968	-1.3121784781512469	0.02995067053876357	[]	[]	[]		0	880	880
34.0	33.2	16	0.02652999944984913	1028	1021	1039	1028	0	0	32.9543210468847	-1.3172862481137495	0.02995067053876357	[]	[]	[]		0	884	883
34.2	33.4	-4	-0.006630000192672014	1031	1025	1043	1031	0	0	33.10693176401446	-1.3218563580801992	0.02995067053876357	[]	[]	[]		0	886	886
34.3	33.6	-11	-0.018239999189972878	1036	1031	1049	1036	0	0	33.30442798618238	-1.3277706180367812	0.02995067053876357	[]	[]	[]		0	890	889
34.4	33.7	7	0.011610000394284725	1040	1034	1052	1040	0	0	33.430107400289245	-1.3315342380091517	0.02995067053876357	[]	[]	[]		0	892	892
34.5	33.9	3	0.004970000125467777	1047	1041	1059	1047	0	0	33.60067231943427	-1.3366420079716543	0.02995067053876357	[]	[]	[]		0	896	895
34.6	34.1	-12	-0.019899999722838402	1051	1045	1063	1050	0	0	33.76226013757166	-1.3414809479361305	0.02995067053876357	[]	[]	[]		0	898	898
34.7	34.2	0	0.0	1058	1052	1070	1058	0	0	33.90589375369378	-1.3457822279045537	0.02995067053876357	[]	[]	[]		0	902	901
34.8	34.3	11	0.018239999189972878	1062	1055	1074	1062	0	0	34.049527369815905	-1.350083507872977	0.02995067053876357	[]	[]	[]		0	904	904
34.9	34.5	8	0.013260000385344028	1068	1061	1079	1067	0	0	34.229069389968565	-1.355460107833506	0.02995067053876357	[]	[]	[]		0	907	907
35.1	34.6	-2	-0.0033199999015778303	1073	1066	1085	1072	0	0	34.37270300609069	-1.3597613878019292	0.02995067053876357	[]	[]	[]		0	910	910
35.2	34.8	-12	-0.019899999722838402	1078	1072	1091	1078	0	0	34.53429082422808	-1.3646003277664054	0.02995067053876357	[]	[]	[]		0	914	913
35.3	35.0	-12	-0.019899999722838402	1082	1076	1095	1082	0	0	34.7048557433731	-1.369708097728908	0.02995067053876357	[]	[]	[]		0	916	916
35.4	35.2	-4	-0.006630000192672014	1090	1084	1102	1087	0	0	34.91132906654866	-1.3758911876835165	0.02995067053876357	[]	[]	[]		0	919	919
35.5	35.4	-1	-0.0016599999507889152	1093	1087	1106	1091	0	0	35.07291688468605	-1.3807301276479926	0.02995067053876357	[]	[]	[]		0	922	922
35.6	35.5	0	0.0	1099	1093	1111	1097	0	0	35.216550500808175	-1.3850314076164159	0.02995067053876357	[]	[]	[]		0	925	925
35.7	35.6	0	0.0	1105	1099	1117	1103	0	0	35.3601841169303	-1.389332687584839	0.02995067053876357	[]	[]	[]		0	928	928
35.8	35.8	0	0.0	1108	1104	1123	1109	0	0	35.55768033909822	-1.395246947541421	0.02995067053876357	[]	[ [ 35.546875,256.0,69.15625,438.0,0.703125,0.0 ] ]	[]		0	932	932
35.9	36.0	0	0.0	1113	1108	1127	1113	0	0	35.71029105622798	-1.3998170575078708	0.02995067053876357	[]	[ [ 68.640625,258.75,112.71875,466.0,0.4580078125,0.0 ] ]	[]		0	935	934
36.0	36.2	0	0.0	1119	1115	1133	1119	0	0	35.880855975373	-1.4049248274703734	0.02995067053876357	[]	[ [ 135.75,259.9375,101.5,468.125,0.728515625,0.0 ] ]	[]		0	938	937
36.2	36.4	0	0.0	1123	1117	1138	1124	0	0	36.051420894518024	-1.410032597432876	0.02995067053876357	[]	[ [ 199.125,258.4375,105.25,465.125,0.65380859375,0.0 ]  [ 117.25,260.4375,128.5,449.125,0.5107421875,0.0 ] ]	[]		0	940	940
36.3	36.6	0	0.0	1128	1122	1143	1129	0	0	36.204031611647785	-1.4146027073993257	0.02995067053876357	[]	[ [ 238.25,262.75,113.5,459.5,0.7734375,0.0 ] ]	[]		0	943	943
36.4	36.8	0	0.0	1133	1127	1148	1134	0	0	36.428459136838605	-1.421323457349987	0.02995067053876357	[]	[ [ 305.5,267.0,127.0,472.0,0.61767578125,0.0 ] ]	[]		0	946	945
36.5	36.9	0	0.0	1138	1129	1152	1138	0	0	36.57209275296073	-1.4256247373184103	0.02995067053876357	[]	[ [ 361.5,264.75,119.5,467.5,0.609375,0.0 ] ]	[]		0	948	948
36.6	37.1	0	0.0	1143	1134	1157	1143	0	0	36.73368057109812	-1.4304636772828865	0.02995067053876357	[]	[ [ 424.0,265.4375,121.5,474.125,0.49609375,0.0 ] ]	[]		0	951	950
36.7	37.2	0	0.0	1148	1138	1163	1148	0	0	36.86833708621261	-1.4344961272532832	0.02995067053876357	[]	[ [ 421.25,272.5,143.0,488.0,0.607421875,0.0 ] ]	[]		0	954	953
36.8	37.4	0	0.0	1153	1142	1168	1154	0	0	37.04787910636527	-1.4398727272138123	0.02995067053876357	[]	[ [ 487.125,274.5625,141.75,490.875,0.59716796875,0.0 ] ]	[]		0	957	956
36.9	37.6	0	0.0	1158	1147	1172	1158	0	0	37.25435242954083	-1.4460558171684208	0.02995067053876357	[]	[ [ 554.5,275.5625,139.0,493.875,0.57470703125,0.0 ]  [ 584.0,274.875,132.0,472.25,0.490234375,0.0 ] ]	[]		0	959	959
37.1	38.0	-1	-0.0016599999507889152	1168	1157	1183	1169	0	0	37.61343646984615	-1.456809017089479	0.02995067053876357	[]	[ [ 679.0,271.25,111.0,496.5,0.5439453125,0.0 ] ]	[]		0	965	965
37.2	38.1	-2	-0.0033199999015778303	1173	1162	1188	1174	0	0	37.74809298496064	-1.4608414670598757	0.02995067053876357	[]	[ [ 743.0,271.1875,102.0,493.625,0.70654296875,0.0 ] ]	[]		0	968	968
37.3	38.3	-2	-0.0033199999015778303	1177	1166	1192	1178	0	0	37.9276350051133	-1.4662180670204048	0.02995067053876357	[]	[ [ 807.0,270.5625,89.0,493.875,0.7138671875,0.0 ] ]	[]		0	971	971
37.4	38.5	-2	-0.0033199999015778303	1182	1171	1197	1183	0	0	38.12513122728122	-1.4721323269769868	0.02995067053876357	[]	[ [ 848.0,277.3125,89.0,499.375,0.65771484375,0.0 ] ]	[]		0	974	974
37.5	38.7	-2	-0.0033199999015778303	1187	1176	1202	1188	0	0	38.295696146426245	-1.4772400969394894	0.02995067053876357	[]	[ [ 916.5,273.5625,82.0,496.875,0.5927734375,0.0 ] ]	[]		0	977	976
37.6	38.8	-2	-0.0033199999015778303	1193	1181	1207	1193	0	0	38.43035266154074	-1.4812725469098862	0.02995067053876357	[]	[ [ 983.75,273.6875,88.5,505.625,0.59375,0.0 ] ]	[]		0	979	979
37.7	39.0	-2	-0.0033199999015778303	1198	1186	1212	1198	0	0	38.6098946816934	-1.4866491468704153	0.02995067053876357	[]	[ [ 1047.75,272.4375,92.5,504.125,0.62890625,0.0 ] ]	[]		0	982	981
37.8	39.2	-2	-0.0033199999015778303	1202	1190	1217	1203	0	0	38.79841380285369	-1.4922945768289708	0.02995067053876357	[]	[ [ 1108.0,271.9375,96.0,494.125,0.669921875,0.0 ] ]	[]		0	984	984
38.0	39.6	-1	-0.0016599999507889152	1213	1201	1228	1214	0	0	39.16647494416664	-1.5033166067480555	0.02995067053876357	[]	[ [ 1210.0,271.3125,116.0,504.375,0.57666015625,0.0 ] ]	[]		0	990	989
38.1	39.8	-1	-0.0016599999507889152	1219	1206	1234	1220	0	0	39.3460169643193	-1.5086932067085845	0.02995067053876357	[]	[]	[]		0	993	993
38.2	40.0	-1	-0.0016599999507889152	1223	1211	1238	1224	0	0	39.52555898447196	-1.5140698066691136	0.02995067053876357	[]	[ [ 1363.0,269.5,138.0,486.0,0.60009765625,0.0 ] ]	[]		0	996	995
38.3	40.1	-1	-0.0016599999507889152	1230	1218	1245	1231	0	0	39.66919260059408	-1.5183710866375368	0.02995067053876357	[]	[ [ 1454.0,264.0,130.0,473.5,0.4951171875,0.0 ] ]	[]		0	999	999
38.4	40.2	0	0.0	1234	1222	1249	1235	0	0	39.8128262167162	-1.52267236660596	0.02995067053876357	[]	[ [ 1496.0,269.125,146.0,489.75,0.5,0.0 ] ]	[]		0	1002	1001
38.6	40.4	-1	-0.0016599999507889152	1240	1228	1255	1241	0	0	39.99236823686886	-1.5280489665664891	0.02995067053876357	[]	[ [ 1585.0,266.6875,134.0,469.625,0.55908203125,0.0 ] ]	[]		0	1005	1005
38.7	40.6	-1	-0.0016599999507889152	1246	1233	1260	1246	0	0	40.153956055006255	-1.5328879065309653	0.02995067053876357	[]	[ [ 1638.0,267.5625,118.0,466.875,0.548828125,0.0 ] ]	[]		0	1008	1007
38.8	40.8	-2	-0.0033199999015778303	1251	1239	1266	1252	0	0	40.315543873143646	-1.5377268464954414	0.02995067053876357	[]	[ [ 1722.0,263.8125,134.0,471.375,0.552734375,0.0 ] ]	[]		0	1011	1011
38.9	41.0	-2	-0.0033199999015778303	1256	1243	1271	1256	0	0	40.504062994303936	-1.543372276453997	0.02995067053876357	[]	[ [ 1769.0,261.25,124.0,453.0,0.59912109375,0.0 ] ]	[]		0	1014	1013
39.0	41.2	-2	-0.0033199999015778303	1263	1250	1278	1262	0	0	40.683605014456596	-1.548748876414526	0.02995067053876357	[]	[ [ 1773.0,264.4375,100.0,485.125,0.7099609375,0.0 ]  [ 1859.0,265.5,132.0,458.0,0.66357421875,0.0 ] ]	[]		0	1017	1017
39.1	41.4	-2	-0.0033199999015778303	1267	1254	1282	1266	0	0	40.863147034609256	-1.5541254763750552	0.02995067053876357	[]	[ [ 1838.0,268.0625,102.0,478.875,0.8203125,0.0 ] ]	[]		0	1020	1019
39.2	41.5	-2	-0.0033199999015778303	1273	1260	1288	1272	0	0	41.00678065073138	-1.5584267563434784	0.02995067053876357	[]	[]	[]		0	1024	1023
39.3	41.7	-2	-0.0033199999015778303	1278	1266	1294	1277	0	0	41.15939136786114	-1.562996866309928	0.02995067053876357	[]	[]	[]		0	1026	1025
39.5	41.9	-1	-0.0016599999507889152	1284	1272	1300	1283	0	0	41.40177309506723	-1.5702552762566424	0.02995067053876357	[]	[]	[]		0	1029	1029
39.6	42.0	-1	-0.0016599999507889152	1289	1274	1304	1288	0	0	41.54540671118935	-1.5745565562250656	0.02995067053876357	[]	[]	[]		0	1032	1031
39.7	42.2	-1	-0.0016599999507889152	1295	1280	1310	1294	0	0	41.70699452932674	-1.5793954961895418	0.02995067053876357	[]	[]	[]		0	1035	1034
39.8	42.4	-1	-0.0016599999507889152	1299	1284	1314	1298	0	0	41.8865365494794	-1.5847720961500709	0.02995067053876357	[]	[]	[]		0	1037	1037
39.9	42.5	-1	-0.0016599999507889152	1304	1289	1319	1303	0	0	42.030170165601525	-1.589073376118494	0.02995067053876357	[]	[]	[]		0	1040	1039
40.0	42.7	-2	-0.0033199999015778303	1309	1294	1324	1308	0	0	42.245620589784714	-1.595525296071129	0.02995067053876357	[]	[]	[]		0	1042	1042
40.1	42.8	-2	-0.0033199999015778303	1313	1298	1328	1312	0	0	42.38925420590684	-1.5998265760395523	0.02995067053876357	[]	[]	[]		0	1045	1045
40.2	43.0	-2	-0.0033199999015778303	1318	1303	1333	1317	0	0	42.5687962260595	-1.6052031760000813	0.02995067053876357	[]	[]	[]		0	1048	1048
40.3	43.1	-2	-0.0033199999015778303	1324	1309	1339	1323	0	0	42.71242984218162	-1.6095044559685046	0.02995067053876357	[]	[]	[]		0	1050	1050
40.5	43.5	-1	-0.0016599999507889152	1333	1317	1348	1330	0	0	43.07151388248694	-1.6202576558895627	0.02995067053876357	[]	[]	[]		0	1056	1055
40.6	43.7	-1	-0.0016599999507889152	1340	1325	1355	1338	0	0	43.26003300364723	-1.6259030858481183	0.02995067053876357	[]	[]	[]		0	1059	1059
40.7	43.9	-1	-0.0016599999507889152	1344	1329	1359	1342	0	0	43.43957502379989	-1.6312796858086474	0.02995067053876357	[]	[]	[]		0	1062	1061
40.8	44.0	-1	-0.0016599999507889152	1350	1335	1365	1347	0	0	43.58320863992201	-1.6355809657770706	0.02995067053876357	[]	[]	[]		0	1065	1065
40.9	44.1	-1	-0.0016599999507889152	1354	1338	1369	1352	0	0	43.72684225604414	-1.6398822457454938	0.02995067053876357	[]	[]	[]		0	1068	1067
41.0	44.3	-1	-0.0016599999507889152	1361	1346	1377	1359	0	0	43.96024688224259	-1.6468718256941817	0.02995067053876357	[]	[]	[]		0	1071	1071
41.1	44.4	-1	-0.0016599999507889152	1365	1350	1381	1363	0	0	44.10388049836472	-1.651173105662605	0.02995067053876357	[]	[]	[]		0	1074	1073
41.3	44.6	-1	-0.0016599999507889152	1371	1354	1386	1369	0	0	44.30137672053264	-1.657087365619187	0.02995067053876357	[]	[]	[]		0	1077	1077
41.4	44.6	-1	-0.0016599999507889152	1371	1354	1386	1369	0	0	44.33728512456317	-1.6581626856112928	0.02995067053876357	[]	[]	[]		0	1080	1079
41.5	44.6	-1	-0.0016599999507889152	1370	1354	1386	1369	0	0	44.33728512456317	-1.6581626856112928	0.02995067053876357	[]	[]	[]		0	1083	1083
41.6	44.6	0	0.0	1370	1354	1386	1369	0	0	44.328308023555536	-1.6578938556132663	0.02995067053876357	[]	[]	[]		0	1086	1086
41.7	44.6	0	0.0	1370	1354	1386	1369	0	0	44.328308023555536	-1.6578938556132663	0.02995067053876357	[]	[]	[]		0	1089	1089
41.8	44.6	0	0.0	1370	1354	1386	1369	0	0	44.328308023555536	-1.6578938556132663	0.02995067053876357	[]	[]	[]		0	1092	1091
41.9	44.6	0	0.0	1370	1354	1385	1369	0	0	44.328308023555536	-1.6578938556132663	0.02995067053876357	[]	[]	[]		0	1095	1095
42.0	44.6	0	0.0	1370	1354	1385	1369	0	0	44.319330922547906	-1.6576250256152398	0.02995067053876357	[]	[]	[]		0	1098	1097
42.2	44.6	0	0.0	1370	1354	1385	1369	0	0	44.319330922547906	-1.6576250256152398	0.02995067053876357	[]	[]	[]		0	1101	1101
42.3	44.6	0	0.0	1370	1354	1385	1369	0	0	44.319330922547906	-1.6576250256152398	0.02995067053876357	[]	[]	[]		0	1104	1103
42.4	44.6	0	0.0	1370	1354	1385	1369	0	0	44.319330922547906	-1.6576250256152398	0.02995067053876357	[]	[]	[]		0	1107	1107
42.5	44.6	0	0.0	1370	1354	1385	1369	0	0	44.319330922547906	-1.6576250256152398	0.02995067053876357	[]	[]	[]		0	1110	1109
42.6	44.6	0	0.0	1370	1354	1385	1369	0	0	44.319330922547906	-1.6576250256152398	0.02995067053876357	[]	[]	[]		0	1113	1113
42.7	44.6	0	0.0	1370	1354	1385	1369	0	0	44.319330922547906	-1.6576250256152398	0.02995067053876357	[]	[]	[]		0	1116	1115
42.8	44.6	0	0.0	1370	1354	1385	1369	0	0	44.319330922547906	-1.6576250256152398	0.02995067053876357	[]	[]	[]		0	1119	1119
42.9	44.6	0	0.0	1370	1354	1385	1369	0	0	44.319330922547906	-1.6576250256152398	0.02995067053876357	[]	[]	[]		0	1122	1121
43.1	44.6	0	0.0	1370	1354	1385	1369	0	0	44.319330922547906	-1.6576250256152398	0.02995067053876357	[]	[]	[]		0	1125	1125
43.2	44.6	0	0.0	1370	1354	1385	1369	0	0	44.319330922547906	-1.6576250256152398	0.02995067053876357	[]	[]	[]		0	1128	1127
43.3	44.6	0	0.0	1370	1354	1385	1369	0	0	44.319330922547906	-1.6576250256152398	0.02995067053876357	[]	[]	[]		0	1131	1131
43.4	44.6	0	0.0	1370	1354	1385	1369	0	0	44.319330922547906	-1.6576250256152398	0.02995067053876357	[]	[]	[]		0	1134	1133
43.5	44.6	0	0.0	1370	1354	1385	1369	0	0	44.319330922547906	-1.6576250256152398	0.02995067053876357	[]	[]	[]		0	1137	1137
43.6	44.6	0	0.0	1370	1354	1385	1369	0	0	44.319330922547906	-1.6576250256152398	0.02995067053876357	[]	[]	[]		0	1140	1139
43.7	44.6	0	0.0	1370	1354	1385	1369	0	0	44.319330922547906	-1.6576250256152398	0.02995067053876357	[]	[]	[]		0	1143	1143
43.8	44.6	0	0.0	1370	1354	1385	1369	0	0	44.319330922547906	-1.6576250256152398	0.02995067053876357	[]	[]	[]		0	1146	1145
44.0	44.6	0	0.0	1370	1354	1385	1369	0	0	44.319330922547906	-1.6576250256152398	0.02995067053876357	[]	[]	[]		0	1149	1149
44.1	44.6	0	0.0	1370	1354	1385	1369	0	0	44.319330922547906	-1.6576250256152398	0.02995067053876357	[]	[]	[]		0	1152	1151
44.2	44.6	0	0.0	1370	1354	1385	1369	0	0	44.319330922547906	-1.6576250256152398	0.02995067053876357	[]	[]	[]		0	1155	1155
44.3	44.6	0	0.0	1370	1354	1385	1369	0	0	44.319330922547906	-1.6576250256152398	0.02995067053876357	[]	[]	[]		0	1158	1157
44.4	44.6	0	0.0	1370	1354	1385	1369	0	0	44.319330922547906	-1.6576250256152398	0.02995067053876357	[]	[]	[]		0	1161	1161
44.5	44.6	0	0.0	1370	1354	1385	1369	0	0	44.319330922547906	-1.6576250256152398	0.02995067053876357	[]	[]	[]		0	1164	1163
44.6	44.6	0	0.0	1370	1354	1385	1369	0	0	44.319330922547906	-1.6576250256152398	0.02995067053876357	[]	[]	[]		0	1167	1167
44.7	44.6	0	0.0	1370	1354	1385	1369	0	0	44.319330922547906	-1.6576250256152398	0.02995067053876357	[]	[]	[]		0	1169	1169
44.8	44.6	0	0.0	1370	1354	1385	1369	0	0	44.319330922547906	-1.6576250256152398	0.02995067053876357	[]	[]	[]		0	1173	1173
44.9	44.6	0	0.0	1370	1354	1385	1369	0	0	44.319330922547906	-1.6576250256152398	0.02995067053876357	[]	[]	[]		0	1176	1175
45.0	44.6	0	0.0	1370	1354	1385	1369	0	0	44.319330922547906	-1.6576250256152398	0.02995067053876357	[]	[]	[]		0	1179	1178
45.1	44.6	0	0.0	1370	1354	1385	1369	0	0	44.319330922547906	-1.6576250256152398	0.02995067053876357	[]	[]	[]		0	1181	1181
45.2	44.6	0	0.0	1370	1354	1385	1369	0	0	44.319330922547906	-1.6576250256152398	0.02995067053876357	[]	[]	[]		0	1184	1184
45.3	44.6	0	0.0	1370	1354	1385	1369	0	0	44.319330922547906	-1.6576250256152398	0.02995067053876357	[]	[]	[]		0	1187	1186
45.4	44.6	0	0.0	1370	1354	1385	1369	0	0	44.319330922547906	-1.6576250256152398	0.02995067053876357	[]	[]	[]		0	1189	1189
45.6	44.6	0	0.0	1370	1354	1385	1369	0	0	44.319330922547906	-1.6576250256152398	0.02995067053876357	[]	[]	[]		0	1192	1191
45.7	44.6	0	0.0	1370	1354	1385	1369	0	0	44.319330922547906	-1.6576250256152398	0.02995067053876357	[]	[]	[]		0	1195	1194
45.8	44.6	0	0.0	1370	1354	1385	1369	0	0	44.319330922547906	-1.6576250256152398	0.02995067053876357	[]	[]	[]		0	1198	1197
45.9	44.6	0	0.0	1370	1354	1385	1369	0	0	44.319330922547906	-1.6576250256152398	0.02995067053876357	[]	[]	[]		0	1200	1200
46.1	44.6	0	0.0	1370	1354	1385	1369	0	0	44.319330922547906	-1.6576250256152398	0.02995067053876357	[]	[]	[]		0	1206	1205
46.2	44.6	0	0.0	1370	1354	1385	1369	0	0	44.319330922547906	-1.6576250256152398	0.02995067053876357	[]	[]	[]		0	1209	1209
46.3	44.6	0	0.0	1370	1354	1385	1369	0	0	44.319330922547906	-1.6576250256152398	0.02995067053876357	[]	[]	[]		0	1212	1211
46.4	44.6	0	0.0	1370	1354	1385	1369	0	0	44.319330922547906	-1.6576250256152398	0.02995067053876357	[]	[]	[]		0	1215	1215
46.5	44.6	0	0.0	1370	1354	1385	1369	0	0	44.319330922547906	-1.6576250256152398	0.02995067053876357	[]	[]	[]		0	1218	1217
46.6	44.6	0	0.0	1370	1354	1385	1369	0	0	44.319330922547906	-1.6576250256152398	0.02995067053876357	[]	[]	[]		0	1221	1221
46.7	44.6	0	0.0	1370	1354	1385	1369	0	0	44.319330922547906	-1.6576250256152398	0.02995067053876357	[]	[]	[]		0	1224	1223
46.9	44.6	0	0.0	1370	1354	1385	1369	0	0	44.319330922547906	-1.6576250256152398	0.02995067053876357	[]	[]	[]		0	1227	1227
47.0	44.6	0	0.0	1370	1354	1385	1369	0	0	44.319330922547906	-1.6576250256152398	0.02995067053876357	[]	[]	[]		0	1230	1229
47.1	44.6	0	0.0	1370	1354	1385	1369	0	0	44.319330922547906	-1.6576250256152398	0.02995067053876357	[]	[]	[]		0	1233	1233
47.2	44.6	0	0.0	1370	1354	1385	1369	0	0	44.319330922547906	-1.6576250256152398	0.02995067053876357	[]	[]	[]		0	1236	1236
47.3	44.6	0	0.0	1370	1354	1385	1369	0	0	44.319330922547906	-1.6576250256152398	0.02995067053876357	[]	[]	[]		0	1239	1239
47.4	44.6	0	0.0	1370	1354	1385	1369	0	0	44.319330922547906	-1.6576250256152398	0.02995067053876357	[]	[]	[]		0	1242	1241
47.5	44.6	0	0.0	1370	1354	1385	1369	0	0	44.319330922547906	-1.6576250256152398	0.02995067053876357	[]	[]	[]		0	1245	1245
47.6	44.6	0	0.0	1370	1354	1385	1369	0	0	44.319330922547906	-1.6576250256152398	0.02995067053876357	[]	[]	[]		0	1248	1247
47.7	44.6	0	0.0	1370	1354	1385	1369	0	0	44.319330922547906	-1.6576250256152398	0.02995067053876357	[]	[]	[]		0	1251	1251
47.8	44.6	0	0.0	1370	1354	1385	1369	0	0	44.319330922547906	-1.6576250256152398	0.02995067053876357	[]	[]	[]		0	1254	1253
48.0	44.6	0	0.0	1370	1354	1385	1369	0	0	44.319330922547906	-1.6576250256152398	0.02995067053876357	[]	[]	[]		0	1257	1257
48.1	44.6	0	0.0	1370	1354	1385	1369	0	0	44.319330922547906	-1.6576250256152398	0.02995067053876357	[]	[]	[]		0	1260	1259
48.2	44.6	0	0.0	1370	1354	1385	1369	0	0	44.319330922547906	-1.6576250256152398	0.02995067053876357	[]	[]	[]		0	1263	1263
48.3	44.6	0	0.0	1370	1354	1385	1369	0	0	44.319330922547906	-1.6576250256152398	0.02995067053876357	[]	[]	[]		0	1266	1265
48.4	44.6	0	0.0	1370	1354	1385	1369	0	0	44.319330922547906	-1.6576250256152398	0.02995067053876357	[]	[]	[]		0	1269	1269
48.5	44.6	0	0.0	1370	1354	1385	1369	0	0	44.319330922547906	-1.6576250256152398	0.02995067053876357	[]	[]	[]		0	1272	1271
48.6	44.6	0	0.0	1370	1354	1385	1369	0	0	44.319330922547906	-1.6576250256152398	0.02995067053876357	[]	[]	[]		0	1275	1275
48.7	44.6	0	0.0	1370	1354	1385	1369	0	0	44.319330922547906	-1.6576250256152398	0.02995067053876357	[]	[]	[]		0	1278	1277
48.9	44.6	0	0.0	1370	1354	1385	1369	0	0	44.319330922547906	-1.6576250256152398	0.02995067053876357	[]	[]	[]		0	1281	1281
49.0	44.6	0	0.0	1370	1354	1385	1369	0	0	44.319330922547906	-1.6576250256152398	0.02995067053876357	[]	[]	[]		0	1284	1283
49.1	44.6	0	0.0	1370	1354	1385	1369	0	0	44.319330922547906	-1.6576250256152398	0.02995067053876357	[]	[]	[]		0	1288	1287
49.2	44.6	0	0.0	1370	1354	1385	1369	0	0	44.319330922547906	-1.6576250256152398	0.02995067053876357	[]	[]	[]		0	1291	1290
49.3	44.6	0	0.0	1370	1354	1385	1369	0	0	44.319330922547906	-1.6576250256152398	0.02995067053876357	[]	[]	[]		0	1294	1294
